,Unnamed: 0,Overall Test Number,Algorithm,Map Type,Map Id,Start Point,Goal Point,Test Number,Iteration,Timestep,Num Collision Checks,Batch Size,Cumulative Num Sampled,Current Path Cost,Any Path Found
0,0,30000,NRRT*,alternatinggaps,2,"[162, 57]","[152, 237]",0,250,5.583357095718384,302,5,251,189.9811287820688,1
1,1,30001,NRRT*,alternatinggaps,2,"[162, 57]","[152, 237]",1,50,0.17407643795013422,60,5,51,219.80647235945816,1
2,2,30002,NRRT*,alternatinggaps,2,"[162, 57]","[152, 237]",2,82,0.5556474924087523,102,5,83,214.7507395129959,1
3,3,30003,NRRT*,alternatinggaps,2,"[162, 57]","[152, 237]",3,32,2.21255355802694,39,5,33,217.63441933455897,1
4,4,30004,NRRT*,alternatinggaps,2,"[162, 57]","[152, 237]",4,116,3.291986581956537,161,5,117,201.3898527888026,1
5,5,30005,NRRT*,alternatinggaps,2,"[35, 248]","[188, 25]",0,38,1.2154054641723633,47,5,39,326.0955801811931,1
6,6,30006,NRRT*,alternatinggaps,2,"[35, 248]","[188, 25]",1,79,0.4774460792541502,102,5,80,370.31166713166095,1
7,7,30007,NRRT*,alternatinggaps,2,"[35, 248]","[188, 25]",2,69,0.38185536861419667,80,5,70,378.43736388336384,1
8,8,30008,NRRT*,alternatinggaps,2,"[35, 248]","[188, 25]",3,22,3.2977431389442993,25,5,23,320.69145950598147,1
9,9,30009,NRRT*,alternatinggaps,2,"[35, 248]","[188, 25]",4,37,2.233409878884942,47,5,38,332.6972530594069,1
10,10,30010,NRRT*,alternatinggaps,2,"[162, 57]","[152, 237]",0,35,2.223617670213372,44,10,36,205.53512347436384,1
11,11,30011,NRRT*,alternatinggaps,2,"[162, 57]","[152, 237]",1,26,0.5190906912955058,35,10,27,224.40271500301202,1
12,12,30012,NRRT*,alternatinggaps,2,"[162, 57]","[152, 237]",2,50,1.44449767565259,55,10,51,217.419815093169,1
13,13,30013,NRRT*,alternatinggaps,2,"[162, 57]","[152, 237]",3,253,6.8857352445078766,309,10,254,201.0593467655714,1
14,14,30014,NRRT*,alternatinggaps,2,"[162, 57]","[152, 237]",4,77,1.9410802908088702,85,10,78,209.0022032598336,1
15,15,30015,NRRT*,alternatinggaps,2,"[35, 248]","[188, 25]",0,44,3.395673808728845,55,10,45,320.09578469845974,1
16,16,30016,NRRT*,alternatinggaps,2,"[35, 248]","[188, 25]",1,20,0.5106385142477763,20,10,21,358.4211046920393,1
17,17,30017,NRRT*,alternatinggaps,2,"[35, 248]","[188, 25]",2,33,1.3342958996249106,39,10,34,343.5806285970881,1
18,18,30018,NRRT*,alternatinggaps,2,"[35, 248]","[188, 25]",3,29,1.3185304114771748,33,10,30,332.02443595381914,1
19,19,30019,NRRT*,alternatinggaps,2,"[35, 248]","[188, 25]",4,116,2.5935549922134418,145,10,117,379.4789564888543,1
20,20,30020,NRRT*,alternatinggaps,2,"[162, 57]","[152, 237]",0,51,1.6666216440345778,52,20,52,215.4727291890732,1
21,21,30021,NRRT*,alternatinggaps,2,"[162, 57]","[152, 237]",1,234,6.38859396037413,278,20,235,209.386709736782,1
22,22,30022,NRRT*,alternatinggaps,2,"[162, 57]","[152, 237]",2,50,1.698430705636275,59,20,51,222.948730405204,1
23,23,30023,NRRT*,alternatinggaps,2,"[162, 57]","[152, 237]",3,148,3.0563553963784975,181,20,149,207.53952999748964,1
24,24,30024,NRRT*,alternatinggaps,2,"[162, 57]","[152, 237]",4,57,3.3049774006393378,65,20,58,217.3453841241369,1
25,25,30025,NRRT*,alternatinggaps,2,"[35, 248]","[188, 25]",0,81,1.9868849105979938,92,20,82,340.29786401747765,1
26,26,30026,NRRT*,alternatinggaps,2,"[35, 248]","[188, 25]",1,70,3.026874113648665,71,20,71,323.48516752169127,1
27,27,30027,NRRT*,alternatinggaps,2,"[35, 248]","[188, 25]",2,27,1.5715461259777668,29,20,28,343.7971700814024,1
28,28,30028,NRRT*,alternatinggaps,2,"[35, 248]","[188, 25]",3,80,2.8257374559526247,82,20,81,329.1135781150974,1
29,29,30029,NRRT*,alternatinggaps,2,"[35, 248]","[188, 25]",4,33,4.284329159596247,39,20,34,324.2317977626137,1
30,30,30030,NRRT*,alternatinggaps,2,"[162, 57]","[152, 237]",0,27,1.505805062140718,31,40,28,219.48141457208584,1
31,31,30031,NRRT*,alternatinggaps,2,"[162, 57]","[152, 237]",1,47,1.733851792539998,63,40,48,212.47394067410949,1
32,32,30032,NRRT*,alternatinggaps,2,"[162, 57]","[152, 237]",2,69,1.9683246037620747,86,40,70,208.33370089530263,1
33,33,30033,NRRT*,alternatinggaps,2,"[162, 57]","[152, 237]",3,110,2.5695374629158225,110,40,111,194.2079176147288,1
34,34,30034,NRRT*,alternatinggaps,2,"[162, 57]","[152, 237]",4,186,4.138259185286798,224,40,187,203.76418116190743,1
35,35,30035,NRRT*,alternatinggaps,2,"[35, 248]","[188, 25]",0,87,2.0653932560341506,105,40,88,364.51686475922105,1
36,36,30036,NRRT*,alternatinggaps,2,"[35, 248]","[188, 25]",1,90,2.1991463920730796,112,40,91,363.9311960594872,1
37,37,30037,NRRT*,alternatinggaps,2,"[35, 248]","[188, 25]",2,48,1.7360951921600545,58,40,49,347.63234220266315,1
38,38,30038,NRRT*,alternatinggaps,2,"[35, 248]","[188, 25]",3,46,1.7231068632263384,63,40,47,341.1777135224914,1
39,39,30039,NRRT*,alternatinggaps,2,"[35, 248]","[188, 25]",4,51,2.379697276088036,60,40,52,323.5148706440564,1
40,40,30040,NRRT*,alternatinggaps,2,"[162, 57]","[152, 237]",0,173,3.681498838397302,225,80,174,201.5419474345708,1
41,41,30041,NRRT*,alternatinggaps,2,"[162, 57]","[152, 237]",1,55,1.2955172786438838,65,80,56,216.46000607343197,1
42,42,30042,NRRT*,alternatinggaps,2,"[162, 57]","[152, 237]",2,34,2.7532389147346166,43,80,35,213.1594339714311,1
43,43,30043,NRRT*,alternatinggaps,2,"[162, 57]","[152, 237]",3,88,3.302742002732053,105,80,89,210.84674998339392,1
44,44,30044,NRRT*,alternatinggaps,2,"[162, 57]","[152, 237]",4,36,2.7372915728156713,44,80,37,193.80114556678888,1
45,45,30045,NRRT*,alternatinggaps,2,"[35, 248]","[188, 25]",0,47,1.2758695611679929,52,80,48,357.9350983021334,1
46,46,30046,NRRT*,alternatinggaps,2,"[35, 248]","[188, 25]",1,74,2.6496932635033508,85,80,75,318.51784933681785,1
47,47,30047,NRRT*,alternatinggaps,2,"[35, 248]","[188, 25]",2,46,2.81751859021832,53,80,47,332.1959877919194,1
48,48,30048,NRRT*,alternatinggaps,2,"[35, 248]","[188, 25]",3,82,3.1908016188209203,102,80,83,357.4267089965203,1
49,49,30049,NRRT*,alternatinggaps,2,"[35, 248]","[188, 25]",4,37,3.87104254794766,52,80,38,322.4614979441912,1
50,50,30050,NRRT*,alternatinggaps,2,"[162, 57]","[152, 237]",0,27,2.701616583592191,33,100,28,223.6057124024987,1
51,51,30051,NRRT*,alternatinggaps,2,"[162, 57]","[152, 237]",1,138,4.297151683098569,174,100,139,213.15528663744124,1
52,52,30052,NRRT*,alternatinggaps,2,"[162, 57]","[152, 237]",2,56,2.1335779199265836,58,100,57,204.8320052390121,1
53,53,30053,NRRT*,alternatinggaps,2,"[162, 57]","[152, 237]",3,128,3.8339138946767486,164,100,129,222.90475199964715,1
54,54,30054,NRRT*,alternatinggaps,2,"[162, 57]","[152, 237]",4,32,1.9747616615488846,32,100,33,214.2846945990243,1
55,55,30055,NRRT*,alternatinggaps,2,"[35, 248]","[188, 25]",0,107,3.616928992993131,127,100,108,348.2330984772647,1
56,56,30056,NRRT*,alternatinggaps,2,"[35, 248]","[188, 25]",1,40,2.7629066689078954,45,100,41,379.9421499756692,1
57,57,30057,NRRT*,alternatinggaps,2,"[35, 248]","[188, 25]",2,53,2.1151844033860563,64,100,54,331.854771754092,1
58,58,30058,NRRT*,alternatinggaps,2,"[35, 248]","[188, 25]",3,52,2.624665709518973,58,100,53,357.5949894905954,1
59,59,30059,NRRT*,alternatinggaps,2,"[35, 248]","[188, 25]",4,55,2.148933049698146,72,100,56,358.8933993846109,1
60,60,30060,NRRT*,alternatinggaps,2,"[162, 57]","[152, 237]",0,64,2.200540360470088,67,300,65,221.14148464532025,1
61,61,30061,NRRT*,alternatinggaps,2,"[162, 57]","[152, 237]",1,49,3.399555325429425,61,300,50,219.00928352928585,1
62,62,30062,NRRT*,alternatinggaps,2,"[162, 57]","[152, 237]",2,144,4.990478098313794,158,300,145,201.1391990779424,1
63,63,30063,NRRT*,alternatinggaps,2,"[162, 57]","[152, 237]",3,85,4.110133663602303,103,300,86,212.7862340010332,1
64,64,30064,NRRT*,alternatinggaps,2,"[162, 57]","[152, 237]",4,138,5.1229888953642355,171,300,139,210.05456830829183,1
65,65,30065,NRRT*,alternatinggaps,2,"[35, 248]","[188, 25]",0,37,1.9759632911875564,44,300,38,348.64734336131653,1
66,66,30066,NRRT*,alternatinggaps,2,"[35, 248]","[188, 25]",1,54,3.4478662013220642,76,300,55,355.05700062730966,1
67,67,30067,NRRT*,alternatinggaps,2,"[35, 248]","[188, 25]",2,50,3.424804568212018,60,300,51,340.73261670920186,1
68,68,30068,NRRT*,alternatinggaps,2,"[35, 248]","[188, 25]",3,36,3.5989030160383684,46,300,37,332.85063826132347,1
69,69,30069,NRRT*,alternatinggaps,2,"[35, 248]","[188, 25]",4,66,3.8174735464529497,89,300,67,346.9209500317211,1
70,70,30070,NRRT*,alternatinggaps,2,"[162, 57]","[152, 237]",0,60,3.4137640807685026,76,600,61,212.9152073356215,1
71,71,30071,NRRT*,alternatinggaps,2,"[162, 57]","[152, 237]",1,184,6.154634079700387,253,600,185,200.42381284045857,1
72,72,30072,NRRT*,alternatinggaps,2,"[162, 57]","[152, 237]",2,37,3.278471312290109,40,600,38,215.22216253386952,1
73,73,30073,NRRT*,alternatinggaps,2,"[162, 57]","[152, 237]",3,33,2.57290984112497,42,600,34,215.71890332164332,1
74,74,30074,NRRT*,alternatinggaps,2,"[162, 57]","[152, 237]",4,154,5.464611318871134,173,600,155,212.97260484916347,1
75,75,30075,NRRT*,alternatinggaps,2,"[35, 248]","[188, 25]",0,60,3.422042450672067,64,600,61,346.63372124723065,1
76,76,30076,NRRT*,alternatinggaps,2,"[35, 248]","[188, 25]",1,88,3.814353606468118,97,600,89,355.2438893375033,1
77,77,30077,NRRT*,alternatinggaps,2,"[35, 248]","[188, 25]",2,116,4.276770195728219,145,600,117,337.57893205560976,1
78,78,30078,NRRT*,alternatinggaps,2,"[35, 248]","[188, 25]",3,83,3.0308208556818546,118,600,84,362.1958080332832,1
79,79,30079,NRRT*,alternatinggaps,2,"[35, 248]","[188, 25]",4,57,3.6466320426908667,66,600,58,351.3625594629742,1
80,80,30080,NRRT*,alternatinggaps,2,"[162, 57]","[152, 237]",0,88,4.039196399017923,93,1000,89,211.66003017283643,1
81,81,30081,NRRT*,alternatinggaps,2,"[162, 57]","[152, 237]",1,180,6.23787340240156,186,1000,181,193.4878096037587,1
82,82,30082,NRRT*,alternatinggaps,2,"[162, 57]","[152, 237]",2,70,3.139223951573428,87,1000,71,195.1375435465304,1
83,83,30083,NRRT*,alternatinggaps,2,"[162, 57]","[152, 237]",3,55,2.9937226955843528,68,1000,56,218.1577029819058,1
84,84,30084,NRRT*,alternatinggaps,2,"[162, 57]","[152, 237]",4,71,3.951841272482673,87,1000,72,210.14629355214208,1
85,85,30085,NRRT*,alternatinggaps,2,"[35, 248]","[188, 25]",0,68,3.760129717156046,86,1000,69,343.55645340334456,1
86,86,30086,NRRT*,alternatinggaps,2,"[35, 248]","[188, 25]",1,30,4.601142791077249,39,1000,31,324.3570686215179,1
87,87,30087,NRRT*,alternatinggaps,2,"[35, 248]","[188, 25]",2,59,3.0339622681093776,74,1000,60,361.8946287259928,1
88,88,30088,NRRT*,alternatinggaps,2,"[35, 248]","[188, 25]",3,47,4.046776730294283,64,1000,48,328.6355465266947,1
89,89,30089,NRRT*,alternatinggaps,2,"[35, 248]","[188, 25]",4,76,4.011390067705909,100,1000,77,364.12400005818046,1
90,90,30090,NRRT*,bugtrapforest,10,"[144, 93]","[44, 243]",0,38,0.10665857791900621,39,5,39,297.2198957128781,1
91,91,30091,NRRT*,bugtrapforest,10,"[144, 93]","[44, 243]",1,82,1.7782995563908162,91,5,83,267.77065659559264,1
92,92,30092,NRRT*,bugtrapforest,10,"[144, 93]","[44, 243]",2,85,0.5851936340332031,112,5,86,279.8971009275085,1
93,93,30093,NRRT*,bugtrapforest,10,"[144, 93]","[44, 243]",3,38,0.08142328262329088,44,5,39,356.96509560623895,1
94,94,30094,NRRT*,bugtrapforest,10,"[144, 93]","[44, 243]",4,22,1.3837401421573912,25,5,23,268.2644420462928,1
95,95,30095,NRRT*,bugtrapforest,10,"[23, 210]","[224, 29]",0,90,0.6374484300613403,114,5,91,422.5734805993048,1
96,96,30096,NRRT*,bugtrapforest,10,"[23, 210]","[224, 29]",1,62,1.4682643521786711,74,5,63,321.81516975975273,1
97,97,30097,NRRT*,bugtrapforest,10,"[23, 210]","[224, 29]",2,82,1.7353340495587366,101,5,83,314.67411104904323,1
98,98,30098,NRRT*,bugtrapforest,10,"[23, 210]","[224, 29]",3,129,3.7352861072710626,173,5,130,317.54910759939406,1
99,99,30099,NRRT*,bugtrapforest,10,"[23, 210]","[224, 29]",4,66,1.5044382322789214,71,5,67,337.3693824370589,1
100,100,30100,NRRT*,bugtrapforest,10,"[144, 93]","[44, 243]",0,182,2.8615747690200806,220,10,183,297.29218050319594,1
101,101,30101,NRRT*,bugtrapforest,10,"[144, 93]","[44, 243]",1,190,5.076751433606457,212,10,191,252.36136007504504,1
102,102,30102,NRRT*,bugtrapforest,10,"[144, 93]","[44, 243]",2,43,2.084852956528973,47,10,44,258.60391265608376,1
103,103,30103,NRRT*,bugtrapforest,10,"[144, 93]","[44, 243]",3,54,2.1372263061955685,66,10,55,251.21088763389184,1
104,104,30104,NRRT*,bugtrapforest,10,"[144, 93]","[44, 243]",4,108,0.9213854670524595,134,10,109,287.300448732134,1
105,105,30105,NRRT*,bugtrapforest,10,"[23, 210]","[224, 29]",0,46,2.4628366714616075,54,10,47,318.1023329384307,1
106,106,30106,NRRT*,bugtrapforest,10,"[23, 210]","[224, 29]",1,34,2.398502815355803,41,10,35,317.3327115672614,1
107,107,30107,NRRT*,bugtrapforest,10,"[23, 210]","[224, 29]",2,61,0.3017640709877013,87,10,62,368.7799207821408,1
108,108,30108,NRRT*,bugtrapforest,10,"[23, 210]","[224, 29]",3,150,3.1219520657031694,187,10,151,331.4828810592538,1
109,109,30109,NRRT*,bugtrapforest,10,"[23, 210]","[224, 29]",4,76,0.46961778402328475,100,10,77,410.8075347875781,1
110,110,30110,NRRT*,bugtrapforest,10,"[144, 93]","[44, 243]",0,111,2.9888856041386838,126,20,112,263.753197427548,1
111,111,30111,NRRT*,bugtrapforest,10,"[144, 93]","[44, 243]",1,64,0.31387531757354725,88,20,65,276.19833574297536,1
112,112,30112,NRRT*,bugtrapforest,10,"[144, 93]","[44, 243]",2,105,0.8748164176940918,130,20,106,278.1827902695293,1
113,113,30113,NRRT*,bugtrapforest,10,"[144, 93]","[44, 243]",3,31,0.05349129438400267,35,20,32,277.3163295969599,1
114,114,30114,NRRT*,bugtrapforest,10,"[144, 93]","[44, 243]",4,149,1.9106281399726868,163,20,150,317.7216454582482,1
115,115,30115,NRRT*,bugtrapforest,10,"[23, 210]","[224, 29]",0,85,2.5894853555546486,108,20,86,328.9553178991424,1
116,116,30116,NRRT*,bugtrapforest,10,"[23, 210]","[224, 29]",1,210,7.105273896479099,299,20,211,317.08927850595904,1
117,117,30117,NRRT*,bugtrapforest,10,"[23, 210]","[224, 29]",2,43,2.555100561999372,48,20,44,314.28202573922863,1
118,118,30118,NRRT*,bugtrapforest,10,"[23, 210]","[224, 29]",3,81,1.7982464721271896,93,20,82,321.06939560476417,1
119,119,30119,NRRT*,bugtrapforest,10,"[23, 210]","[224, 29]",4,132,4.694317588002255,158,20,133,302.35110125343897,1
120,120,30120,NRRT*,bugtrapforest,10,"[144, 93]","[44, 243]",0,54,2.559756817443265,63,40,55,252.1921289877486,1
121,121,30121,NRRT*,bugtrapforest,10,"[144, 93]","[44, 243]",1,79,2.8535783310960667,98,40,80,263.420852435853,1
122,122,30122,NRRT*,bugtrapforest,10,"[144, 93]","[44, 243]",2,102,2.497441433536447,135,40,103,262.7614352136976,1
123,123,30123,NRRT*,bugtrapforest,10,"[144, 93]","[44, 243]",3,24,1.6736856924170624,32,40,25,261.03173969362007,1
124,124,30124,NRRT*,bugtrapforest,10,"[144, 93]","[44, 243]",4,123,1.2730354070663452,137,40,124,287.8290704551299,1
125,125,30125,NRRT*,bugtrapforest,10,"[23, 210]","[224, 29]",0,27,4.1285275019723375,32,40,28,308.1601520217582,1
126,126,30126,NRRT*,bugtrapforest,10,"[23, 210]","[224, 29]",1,35,4.881792128480511,45,40,36,307.561335363041,1
127,127,30127,NRRT*,bugtrapforest,10,"[23, 210]","[224, 29]",2,33,4.875481963552074,40,40,34,319.1679152230004,1
128,128,30128,NRRT*,bugtrapforest,10,"[23, 210]","[224, 29]",3,181,7.482946804026606,250,40,182,302.5796759730128,1
129,129,30129,NRRT*,bugtrapforest,10,"[23, 210]","[224, 29]",4,50,4.791330832450438,67,40,51,306.7700123539544,1
130,130,30130,NRRT*,bugtrapforest,10,"[144, 93]","[44, 243]",0,162,3.6750140676323078,194,80,163,259.3126877929984,1
131,131,30131,NRRT*,bugtrapforest,10,"[144, 93]","[44, 243]",1,32,2.4097055552213478,34,80,33,255.3441090331833,1
132,132,30132,NRRT*,bugtrapforest,10,"[144, 93]","[44, 243]",2,83,0.5600393414497374,96,80,84,303.69792377103045,1
133,133,30133,NRRT*,bugtrapforest,10,"[144, 93]","[44, 243]",3,30,2.408530747672825,36,80,31,247.78500161654148,1
134,134,30134,NRRT*,bugtrapforest,10,"[144, 93]","[44, 243]",4,39,2.7453257410951237,46,80,40,261.15096340727587,1
135,135,30135,NRRT*,bugtrapforest,10,"[23, 210]","[224, 29]",0,82,3.4264011983892226,107,80,83,337.5395800963762,1
136,136,30136,NRRT*,bugtrapforest,10,"[23, 210]","[224, 29]",1,36,5.189426593002778,46,80,37,304.4649726934141,1
137,137,30137,NRRT*,bugtrapforest,10,"[23, 210]","[224, 29]",2,52,6.26161337665661,62,80,53,312.0542656403163,1
138,138,30138,NRRT*,bugtrapforest,10,"[23, 210]","[224, 29]",3,56,3.3196102566463512,59,80,57,335.02913464133115,1
139,139,30139,NRRT*,bugtrapforest,10,"[23, 210]","[224, 29]",4,123,1.285947561264038,163,80,124,361.377668551278,1
140,140,30140,NRRT*,bugtrapforest,10,"[144, 93]","[44, 243]",0,41,2.737827894014893,45,100,42,274.42469091378985,1
141,141,30141,NRRT*,bugtrapforest,10,"[144, 93]","[44, 243]",1,71,2.989395496172486,103,100,72,271.55043750932543,1
142,142,30142,NRRT*,bugtrapforest,10,"[144, 93]","[44, 243]",2,45,0.15221321582794178,52,100,46,277.4623533272502,1
143,143,30143,NRRT*,bugtrapforest,10,"[144, 93]","[44, 243]",3,71,2.9969421594567875,81,100,72,247.59900466766828,1
144,144,30144,NRRT*,bugtrapforest,10,"[144, 93]","[44, 243]",4,70,0.37265753746032704,85,100,71,282.5521548593247,1
145,145,30145,NRRT*,bugtrapforest,10,"[23, 210]","[224, 29]",0,41,6.145593889275629,50,100,42,300.56895792503354,1
146,146,30146,NRRT*,bugtrapforest,10,"[23, 210]","[224, 29]",1,81,7.556064042529114,87,100,82,314.377569123084,1
147,147,30147,NRRT*,bugtrapforest,10,"[23, 210]","[224, 29]",2,58,7.738791142371371,68,100,59,300.7548421985272,1
148,148,30148,NRRT*,bugtrapforest,10,"[23, 210]","[224, 29]",3,155,9.502703522113041,208,100,156,314.82741661884666,1
149,149,30149,NRRT*,bugtrapforest,10,"[23, 210]","[224, 29]",4,114,4.556235214154625,124,100,115,320.31083565273605,1
150,150,30150,NRRT*,bugtrapforest,10,"[144, 93]","[44, 243]",0,46,2.757430013937531,49,300,47,245.0862693021934,1
151,151,30151,NRRT*,bugtrapforest,10,"[144, 93]","[44, 243]",1,115,5.661367842187534,119,300,116,261.4936478334615,1
152,152,30152,NRRT*,bugtrapforest,10,"[144, 93]","[44, 243]",2,69,4.92097676657642,79,300,70,252.104518306315,1
153,153,30153,NRRT*,bugtrapforest,10,"[144, 93]","[44, 243]",3,65,4.894172379006992,77,300,66,268.0387050268183,1
154,154,30154,NRRT*,bugtrapforest,10,"[144, 93]","[44, 243]",4,188,5.76505088770711,218,300,189,270.66871849795166,1
155,155,30155,NRRT*,bugtrapforest,10,"[23, 210]","[224, 29]",0,97,9.851752729209043,100,300,98,305.1810558973302,1
156,156,30156,NRRT*,bugtrapforest,10,"[23, 210]","[224, 29]",1,198,7.173108674949879,230,300,199,339.20804528318934,1
157,157,30157,NRRT*,bugtrapforest,10,"[23, 210]","[224, 29]",2,45,8.225418822224363,66,300,46,311.170042560028,1
158,158,30158,NRRT*,bugtrapforest,10,"[23, 210]","[224, 29]",3,111,0.9918529987335205,131,300,112,352.1768485212175,1
159,159,30159,NRRT*,bugtrapforest,10,"[23, 210]","[224, 29]",4,64,0.30346620082855225,82,300,65,343.05129559002745,1
160,160,30160,NRRT*,bugtrapforest,10,"[144, 93]","[44, 243]",0,40,4.178433416815132,52,600,41,261.00280028022894,1
161,161,30161,NRRT*,bugtrapforest,10,"[144, 93]","[44, 243]",1,71,4.483349083395332,90,600,72,246.25491186096988,1
162,162,30162,NRRT*,bugtrapforest,10,"[144, 93]","[44, 243]",2,151,6.0167036041930615,184,600,152,272.6948668994355,1
163,163,30163,NRRT*,bugtrapforest,10,"[144, 93]","[44, 243]",3,21,0.03533810377120965,28,600,22,278.93902269413616,1
164,164,30164,NRRT*,bugtrapforest,10,"[144, 93]","[44, 243]",4,205,8.341797271569835,248,600,206,271.0674762888765,1
165,165,30165,NRRT*,bugtrapforest,10,"[23, 210]","[224, 29]",0,118,8.529594138467715,155,600,119,310.44462267670485,1
166,166,30166,NRRT*,bugtrapforest,10,"[23, 210]","[224, 29]",1,98,8.367402627443463,135,600,99,309.3050880238512,1
167,167,30167,NRRT*,bugtrapforest,10,"[23, 210]","[224, 29]",2,57,7.880080654596478,71,600,58,314.07293779602395,1
168,168,30168,NRRT*,bugtrapforest,10,"[23, 210]","[224, 29]",3,77,9.231294958604307,88,600,78,313.544305156193,1
169,169,30169,NRRT*,bugtrapforest,10,"[23, 210]","[224, 29]",4,48,8.205194128343717,64,600,49,316.6504563738494,1
170,170,30170,NRRT*,bugtrapforest,10,"[144, 93]","[44, 243]",0,90,5.222811439832318,111,1000,91,262.2309212523038,1
171,171,30171,NRRT*,bugtrapforest,10,"[144, 93]","[44, 243]",1,36,0.09831315279006946,43,1000,37,293.5298789410848,1
172,172,30172,NRRT*,bugtrapforest,10,"[144, 93]","[44, 243]",2,109,0.9896450042724607,132,1000,110,310.22192019662435,1
173,173,30173,NRRT*,bugtrapforest,10,"[144, 93]","[44, 243]",3,91,4.606195489955214,102,1000,92,266.8656195531249,1
174,174,30174,NRRT*,bugtrapforest,10,"[144, 93]","[44, 243]",4,60,0.23761475086212158,69,1000,61,280.2296323418589,1
175,175,30175,NRRT*,bugtrapforest,10,"[23, 210]","[224, 29]",0,161,10.329605592081204,205,1000,162,305.09023565017367,1
176,176,30176,NRRT*,bugtrapforest,10,"[23, 210]","[224, 29]",1,81,5.384132219591865,82,1000,82,320.10765195183427,1
177,177,30177,NRRT*,bugtrapforest,10,"[23, 210]","[224, 29]",2,61,0.2510553002357482,72,1000,62,345.18958518620065,1
178,178,30178,NRRT*,bugtrapforest,10,"[23, 210]","[224, 29]",3,66,6.342566272261349,88,1000,67,333.0431142680734,1
179,179,30179,NRRT*,bugtrapforest,10,"[23, 210]","[224, 29]",4,33,4.947076008600465,38,1000,34,334.5373186413191,1
180,180,30180,NRRT*,forest,13,"[108, 175]","[33, 11]",0,50,2.1992689502611547,57,5,51,272.2180239097245,1
181,181,30181,NRRT*,forest,13,"[108, 175]","[33, 11]",1,175,4.6573788655176545,218,5,176,284.5768039241658,1
182,182,30182,NRRT*,forest,13,"[108, 175]","[33, 11]",2,62,0.2705876827239989,83,5,63,300.07109371609425,1
183,183,30183,NRRT*,forest,13,"[108, 175]","[33, 11]",3,119,3.151140941418686,141,5,120,274.62650927352877,1
184,184,30184,NRRT*,forest,13,"[108, 175]","[33, 11]",4,77,1.0660617150104774,79,5,78,284.4459182671359,1
185,185,30185,NRRT*,forest,13,"[234, 250]","[11, 97]",0,140,1.6798229813575745,156,5,141,328.5495149258928,1
186,186,30186,NRRT*,forest,13,"[234, 250]","[11, 97]",1,119,1.8393700351122482,142,5,120,337.77049518099847,1
187,187,30187,NRRT*,forest,13,"[234, 250]","[11, 97]",2,43,0.9905210731643324,53,5,44,331.8522266396199,1
188,188,30188,NRRT*,forest,13,"[234, 250]","[11, 97]",3,46,0.9992564914840345,56,5,47,335.70029280780534,1
189,189,30189,NRRT*,forest,13,"[234, 250]","[11, 97]",4,209,3.817575216293335,233,5,210,380.9964015328958,1
190,190,30190,NRRT*,forest,13,"[108, 175]","[33, 11]",0,156,2.1020160913467407,189,10,157,303.56013079715535,1
191,191,30191,NRRT*,forest,13,"[108, 175]","[33, 11]",1,72,0.421172261238098,88,10,73,303.76752243947027,1
192,192,30192,NRRT*,forest,13,"[108, 175]","[33, 11]",2,55,0.8430424727237954,70,10,56,287.0537923473703,1
193,193,30193,NRRT*,forest,13,"[108, 175]","[33, 11]",3,135,2.1357738770283,181,10,136,296.5358423446856,1
194,194,30194,NRRT*,forest,13,"[108, 175]","[33, 11]",4,35,0.7007405556476844,40,10,36,275.1414367487934,1
195,195,30195,NRRT*,forest,13,"[234, 250]","[11, 97]",0,166,3.2270510194915425,208,10,167,340.68366423894423,1
196,196,30196,NRRT*,forest,13,"[234, 250]","[11, 97]",1,166,4.027763617676023,240,10,167,329.96185749254903,1
197,197,30197,NRRT*,forest,13,"[234, 250]","[11, 97]",2,188,3.112548530101776,241,10,189,386.89138051771073,1
198,198,30198,NRRT*,forest,13,"[234, 250]","[11, 97]",3,182,4.590572506490683,240,10,183,334.08417929114563,1
199,199,30199,NRRT*,forest,13,"[234, 250]","[11, 97]",4,93,2.409810513559316,125,10,94,328.55281166485463,1
200,200,30200,NRRT*,forest,13,"[108, 175]","[33, 11]",0,75,0.4310224056243895,104,20,76,319.15838345693396,1
201,201,30201,NRRT*,forest,13,"[108, 175]","[33, 11]",1,58,1.3714032598572397,73,20,59,296.88910355469335,1
202,202,30202,NRRT*,forest,13,"[108, 175]","[33, 11]",2,67,1.4702812858658456,83,20,68,289.24494138290356,1
203,203,30203,NRRT*,forest,13,"[108, 175]","[33, 11]",3,103,1.9704049058991098,110,20,104,274.0593257214023,1
204,204,30204,NRRT*,forest,13,"[108, 175]","[33, 11]",4,32,1.1985740490990304,38,20,33,291.22329025573276,1
205,205,30205,NRRT*,forest,13,"[234, 250]","[11, 97]",0,53,0.2205934524536132,64,20,54,374.5287318523812,1
206,206,30206,NRRT*,forest,13,"[234, 250]","[11, 97]",1,100,2.524970084730123,131,20,101,348.59163403106845,1
207,207,30207,NRRT*,forest,13,"[234, 250]","[11, 97]",2,190,4.876635462347006,249,20,191,355.0063979628001,1
208,208,30208,NRRT*,forest,13,"[234, 250]","[11, 97]",3,85,2.2957940998706565,93,20,86,321.4990140356647,1
209,209,30209,NRRT*,forest,13,"[234, 250]","[11, 97]",4,182,4.324977111873519,239,20,183,327.7774814330875,1
210,210,30210,NRRT*,forest,13,"[108, 175]","[33, 11]",0,150,3.0661945768433236,168,40,151,262.4965834046111,1
211,211,30211,NRRT*,forest,13,"[108, 175]","[33, 11]",1,129,2.5024500318604135,152,40,130,289.9426244506976,1
212,212,30212,NRRT*,forest,13,"[108, 175]","[33, 11]",2,51,2.4397011533976096,66,40,52,272.2513701481719,1
213,213,30213,NRRT*,forest,13,"[108, 175]","[33, 11]",3,188,5.313338889241267,231,40,189,277.9743637379994,1
214,214,30214,NRRT*,forest,13,"[108, 175]","[33, 11]",4,144,5.8590066802098395,157,40,145,292.0792340444632,1
215,215,30215,NRRT*,forest,13,"[234, 250]","[11, 97]",0,183,5.9233716990305885,239,40,184,341.962645500614,1
216,216,30216,NRRT*,forest,13,"[234, 250]","[11, 97]",1,149,1.9017747044563293,190,40,150,392.3834051045076,1
217,217,30217,NRRT*,forest,13,"[234, 250]","[11, 97]",2,204,3.6827754378318787,226,40,205,371.6641099676872,1
218,218,30218,NRRT*,forest,13,"[234, 250]","[11, 97]",3,141,4.662614371950815,166,40,142,334.86704450893023,1
219,219,30219,NRRT*,forest,13,"[234, 250]","[11, 97]",4,228,6.251733225630822,288,40,229,323.3704556729518,1
220,220,30220,NRRT*,forest,13,"[108, 175]","[33, 11]",0,77,4.095177551382969,98,80,78,264.3175109272996,1
221,221,30221,NRRT*,forest,13,"[108, 175]","[33, 11]",1,90,4.03962994781688,101,80,91,297.6308308136364,1
222,222,30222,NRRT*,forest,13,"[108, 175]","[33, 11]",2,112,3.9485836871752724,131,80,113,262.04023499080154,1
223,223,30223,NRRT*,forest,13,"[108, 175]","[33, 11]",3,61,3.212859655250071,74,80,62,262.2737383122979,1
224,224,30224,NRRT*,forest,13,"[108, 175]","[33, 11]",4,38,3.0182830937991127,42,80,39,273.1002288160955,1
225,225,30225,NRRT*,forest,13,"[234, 250]","[11, 97]",0,83,4.501792952075066,119,80,84,340.31718409600126,1
226,226,30226,NRRT*,forest,13,"[234, 250]","[11, 97]",1,157,5.343284835108317,188,80,158,328.4603013794147,1
227,227,30227,NRRT*,forest,13,"[234, 250]","[11, 97]",2,62,0.2975293993949889,77,80,63,381.91156650763503,1
228,228,30228,NRRT*,forest,13,"[234, 250]","[11, 97]",3,110,4.2292175190530195,129,80,111,327.2504968045439,1
229,229,30229,NRRT*,forest,13,"[234, 250]","[11, 97]",4,86,3.9594818669766507,97,80,87,332.1426714038583,1
230,230,30230,NRRT*,forest,13,"[108, 175]","[33, 11]",0,136,4.480898643363474,179,100,137,264.04960138120265,1
231,231,30231,NRRT*,forest,13,"[108, 175]","[33, 11]",1,147,6.004982809914041,156,100,148,280.17094945286516,1
232,232,30232,NRRT*,forest,13,"[108, 175]","[33, 11]",2,135,5.6795702384838345,159,100,136,266.52762418371924,1
233,233,30233,NRRT*,forest,13,"[108, 175]","[33, 11]",3,220,7.159355186718697,257,100,221,279.4009952528827,1
234,234,30234,NRRT*,forest,13,"[108, 175]","[33, 11]",4,98,3.6556005709350057,114,100,99,299.3377031260944,1
235,235,30235,NRRT*,forest,13,"[234, 250]","[11, 97]",0,144,1.7648876309394836,164,100,145,387.5159809161967,1
236,236,30236,NRRT*,forest,13,"[234, 250]","[11, 97]",1,66,0.3237764239311217,75,100,67,374.0228709273603,1
237,237,30237,NRRT*,forest,13,"[234, 250]","[11, 97]",2,261,9.417360933443934,336,100,262,322.39913315866744,1
238,238,30238,NRRT*,forest,13,"[234, 250]","[11, 97]",3,120,4.565050633570584,153,100,121,329.4276124061982,1
239,239,30239,NRRT*,forest,13,"[234, 250]","[11, 97]",4,149,6.025840661492596,174,100,150,322.3225898785298,1
240,240,30240,NRRT*,forest,13,"[108, 175]","[33, 11]",0,210,6.713640712994332,239,300,211,286.85437141488376,1
241,241,30241,NRRT*,forest,13,"[108, 175]","[33, 11]",1,124,4.132546149986977,128,300,125,276.28798213234757,1
242,242,30242,NRRT*,forest,13,"[108, 175]","[33, 11]",2,265,9.154800140160319,298,300,266,272.63927731284997,1
243,243,30243,NRRT*,forest,13,"[108, 175]","[33, 11]",3,43,4.661676394746008,51,300,44,269.6603488750347,1
244,244,30244,NRRT*,forest,13,"[108, 175]","[33, 11]",4,67,0.3307458758354186,74,300,68,344.60909416032973,1
245,245,30245,NRRT*,forest,13,"[234, 250]","[11, 97]",0,102,3.7801662543265993,116,300,103,324.323641914831,1
246,246,30246,NRRT*,forest,13,"[234, 250]","[11, 97]",1,595,35.00679730844602,671,300,596,328.01476470566706,1
247,247,30247,NRRT*,forest,13,"[234, 250]","[11, 97]",2,50,3.1997873730669935,57,300,51,338.1005575684671,1
248,248,30248,NRRT*,forest,13,"[234, 250]","[11, 97]",3,53,3.165439540864082,65,300,54,333.3537196256533,1
249,249,30249,NRRT*,forest,13,"[234, 250]","[11, 97]",4,66,4.54385586082375,87,300,67,343.12076139826,1
250,250,30250,NRRT*,forest,13,"[108, 175]","[33, 11]",0,159,6.863636126064057,179,600,160,267.9214731533352,1
251,251,30251,NRRT*,forest,13,"[108, 175]","[33, 11]",1,65,0.32511591911315907,84,600,66,311.8551443096583,1
252,252,30252,NRRT*,forest,13,"[108, 175]","[33, 11]",2,109,1.0047624707221985,115,600,110,301.7123543211814,1
253,253,30253,NRRT*,forest,13,"[108, 175]","[33, 11]",3,109,5.351428325693327,119,600,110,277.79296225938083,1
254,254,30254,NRRT*,forest,13,"[108, 175]","[33, 11]",4,67,4.906329270321578,87,600,68,298.68785979060806,1
255,255,30255,NRRT*,forest,13,"[234, 250]","[11, 97]",0,113,5.26780821382439,124,600,114,351.50108848022296,1
256,256,30256,NRRT*,forest,13,"[234, 250]","[11, 97]",1,86,4.847204580897449,107,600,87,342.79281616747323,1
257,257,30257,NRRT*,forest,13,"[234, 250]","[11, 97]",2,149,1.8991160988807678,165,600,150,378.04197468716245,1
258,258,30258,NRRT*,forest,13,"[234, 250]","[11, 97]",3,119,4.792910973035586,140,600,120,348.00571599162873,1
259,259,30259,NRRT*,forest,13,"[234, 250]","[11, 97]",4,388,17.038536230527654,397,600,389,334.3751717107266,1
260,260,30260,NRRT*,forest,13,"[108, 175]","[33, 11]",0,58,0.25821840763092035,72,1000,59,324.44567928611286,1
261,261,30261,NRRT*,forest,13,"[108, 175]","[33, 11]",1,117,5.900421835413825,152,1000,118,259.51537479167024,1
262,262,30262,NRRT*,forest,13,"[108, 175]","[33, 11]",2,138,6.385598041048895,170,1000,139,290.3521769813089,1
263,263,30263,NRRT*,forest,13,"[108, 175]","[33, 11]",3,99,5.542140401831519,112,1000,100,277.96448205129684,1
264,264,30264,NRRT*,forest,13,"[108, 175]","[33, 11]",4,59,6.249074877369967,76,1000,60,299.9288387083523,1
265,265,30265,NRRT*,forest,13,"[234, 250]","[11, 97]",0,85,0.5544131398200987,105,1000,86,368.48611267573165,1
266,266,30266,NRRT*,forest,13,"[234, 250]","[11, 97]",1,198,7.100050608121647,262,1000,199,332.73199658428774,1
267,267,30267,NRRT*,forest,13,"[234, 250]","[11, 97]",2,109,6.125059860795659,136,1000,110,339.5512573573582,1
268,268,30268,NRRT*,forest,13,"[234, 250]","[11, 97]",3,121,1.2038617730140686,142,1000,122,370.2750354652333,1
269,269,30269,NRRT*,forest,13,"[234, 250]","[11, 97]",4,157,7.272704142182988,182,1000,158,322.7667181606077,1
270,270,30270,NRRT*,gapsforest,19,"[218, 110]","[38, 99]",0,104,0.8598319888114927,127,5,105,192.32215761449845,1
271,271,30271,NRRT*,gapsforest,19,"[218, 110]","[38, 99]",1,34,1.420653601370231,38,5,35,192.4195299603072,1
272,272,30272,NRRT*,gapsforest,19,"[218, 110]","[38, 99]",2,34,2.103832227944702,42,5,35,184.94697791141408,1
273,273,30273,NRRT*,gapsforest,19,"[218, 110]","[38, 99]",3,38,1.7524478867919526,48,5,39,191.99711712398323,1
274,274,30274,NRRT*,gapsforest,19,"[218, 110]","[38, 99]",4,115,2.7765131429107277,148,5,116,187.96339887638376,1
275,275,30275,NRRT*,gapsforest,19,"[206, 209]","[6, 27]",0,120,1.2318640351295471,132,5,121,360.1601965007976,1
276,276,30276,NRRT*,gapsforest,19,"[206, 209]","[6, 27]",1,131,1.4069060683250427,168,5,132,350.5611535274312,1
277,277,30277,NRRT*,gapsforest,19,"[206, 209]","[6, 27]",2,153,2.0224944949150085,191,5,154,345.5564045538145,1
278,278,30278,NRRT*,gapsforest,19,"[206, 209]","[6, 27]",3,127,1.3745484352111816,150,5,128,345.3610959728305,1
279,279,30279,NRRT*,gapsforest,19,"[206, 209]","[6, 27]",4,151,1.8982701301574707,174,5,152,365.9991302917708,1
280,280,30280,NRRT*,gapsforest,19,"[218, 110]","[38, 99]",0,46,2.6292745210019626,50,10,47,187.17420599537817,1
281,281,30281,NRRT*,gapsforest,19,"[218, 110]","[38, 99]",1,56,2.7147200442639865,62,10,57,189.20464285405546,1
282,282,30282,NRRT*,gapsforest,19,"[218, 110]","[38, 99]",2,96,3.3963689340068193,118,10,97,185.8764496078945,1
283,283,30283,NRRT*,gapsforest,19,"[218, 110]","[38, 99]",3,47,2.775247646660933,53,10,48,189.12399619237456,1
284,284,30284,NRRT*,gapsforest,19,"[218, 110]","[38, 99]",4,34,2.4241388756130426,44,10,35,191.0617633161035,1
285,285,30285,NRRT*,gapsforest,19,"[206, 209]","[6, 27]",0,144,1.7587335705757141,163,10,145,363.630748880346,1
286,286,30286,NRRT*,gapsforest,19,"[206, 209]","[6, 27]",1,123,2.192002913273977,172,10,124,333.02691487919566,1
287,287,30287,NRRT*,gapsforest,19,"[206, 209]","[6, 27]",2,103,1.739760479249166,130,10,104,339.7697157241755,1
288,288,30288,NRRT*,gapsforest,19,"[206, 209]","[6, 27]",3,108,0.9430035352706909,131,10,109,368.4903716829942,1
289,289,30289,NRRT*,gapsforest,19,"[206, 209]","[6, 27]",4,203,4.632882603307966,238,10,204,321.7421576550021,1
290,290,30290,NRRT*,gapsforest,19,"[218, 110]","[38, 99]",0,42,0.11990493535995472,51,20,43,193.48590007308036,1
291,291,30291,NRRT*,gapsforest,19,"[218, 110]","[38, 99]",1,129,1.4459584951400757,153,20,130,195.48244186282915,1
292,292,30292,NRRT*,gapsforest,19,"[218, 110]","[38, 99]",2,86,2.8999021369312494,104,20,87,187.54301148524303,1
293,293,30293,NRRT*,gapsforest,19,"[218, 110]","[38, 99]",3,79,0.4564116597175598,96,20,80,192.99209821415153,1
294,294,30294,NRRT*,gapsforest,19,"[218, 110]","[38, 99]",4,19,0.02004468441009502,22,20,20,196.3171465571375,1
295,295,30295,NRRT*,gapsforest,19,"[206, 209]","[6, 27]",0,279,6.980803549289703,372,20,280,354.7352999010511,1
296,296,30296,NRRT*,gapsforest,19,"[206, 209]","[6, 27]",1,57,0.23377597332000724,70,20,58,349.11551518038414,1
297,297,30297,NRRT*,gapsforest,19,"[206, 209]","[6, 27]",2,178,3.7750110685718257,224,20,179,336.45237866531187,1
298,298,30298,NRRT*,gapsforest,19,"[206, 209]","[6, 27]",3,90,0.6044642329216003,105,20,91,341.2439543152381,1
299,299,30299,NRRT*,gapsforest,19,"[206, 209]","[6, 27]",4,155,3.127571553004353,203,20,156,324.58133101176844,1
300,300,30300,NRRT*,gapsforest,19,"[218, 110]","[38, 99]",0,29,1.9999941021388854,36,40,30,188.38431949345113,1
301,301,30301,NRRT*,gapsforest,19,"[218, 110]","[38, 99]",1,34,0.07666772603988645,43,40,35,193.31812920318623,1
302,302,30302,NRRT*,gapsforest,19,"[218, 110]","[38, 99]",2,46,2.420539493865074,58,40,47,186.94538868426247,1
303,303,30303,NRRT*,gapsforest,19,"[218, 110]","[38, 99]",3,25,3.1508811810624384,29,40,26,185.5091353115733,1
304,304,30304,NRRT*,gapsforest,19,"[218, 110]","[38, 99]",4,71,0.35621988773345936,91,40,72,194.1573865037373,1
305,305,30305,NRRT*,gapsforest,19,"[206, 209]","[6, 27]",0,41,1.2036423385268138,52,40,42,337.8251636829692,1
306,306,30306,NRRT*,gapsforest,19,"[206, 209]","[6, 27]",1,226,4.504392385482788,273,40,227,341.771035210117,1
307,307,30307,NRRT*,gapsforest,19,"[206, 209]","[6, 27]",2,79,1.6057898706866416,93,40,80,332.3883583157622,1
308,308,30308,NRRT*,gapsforest,19,"[206, 209]","[6, 27]",3,115,1.1123329997062683,136,40,116,349.0737795102208,1
309,309,30309,NRRT*,gapsforest,19,"[206, 209]","[6, 27]",4,117,1.1190766096115112,133,40,118,345.5696139676265,1
310,310,30310,NRRT*,gapsforest,19,"[218, 110]","[38, 99]",0,34,2.2264179110203655,39,80,35,190.7129185800202,1
311,311,30311,NRRT*,gapsforest,19,"[218, 110]","[38, 99]",1,40,0.11961311101913452,46,80,41,193.56477195266362,1
312,312,30312,NRRT*,gapsforest,19,"[218, 110]","[38, 99]",2,60,3.019819957157978,74,80,61,191.05993593176197,1
313,313,30313,NRRT*,gapsforest,19,"[218, 110]","[38, 99]",3,135,1.5166706442832947,146,80,136,194.4038560838397,1
314,314,30314,NRRT*,gapsforest,19,"[218, 110]","[38, 99]",4,42,2.7640570616681996,52,80,43,192.2379795241629,1
315,315,30315,NRRT*,gapsforest,19,"[206, 209]","[6, 27]",0,216,4.049576103687286,223,80,217,361.3364027543737,1
316,316,30316,NRRT*,gapsforest,19,"[206, 209]","[6, 27]",1,129,1.4134533405303955,182,80,130,343.8668933630647,1
317,317,30317,NRRT*,gapsforest,19,"[206, 209]","[6, 27]",2,131,2.5627323097659263,144,80,132,333.14142339890896,1
318,318,30318,NRRT*,gapsforest,19,"[206, 209]","[6, 27]",3,71,0.3920767307281494,89,80,72,355.05763413290106,1
319,319,30319,NRRT*,gapsforest,19,"[206, 209]","[6, 27]",4,174,2.6151849031448364,193,80,175,359.6508966441105,1
320,320,30320,NRRT*,gapsforest,19,"[218, 110]","[38, 99]",0,152,4.899348288412366,184,100,153,186.28915764152453,1
321,321,30321,NRRT*,gapsforest,19,"[218, 110]","[38, 99]",1,84,0.5392345190048217,104,100,85,194.01430276392628,1
322,322,30322,NRRT*,gapsforest,19,"[218, 110]","[38, 99]",2,25,0.04537224769592273,32,100,26,194.07533503536416,1
323,323,30323,NRRT*,gapsforest,19,"[218, 110]","[38, 99]",3,38,3.327985978501339,46,100,39,188.7187699176524,1
324,324,30324,NRRT*,gapsforest,19,"[218, 110]","[38, 99]",4,65,2.7247177790752124,85,100,66,187.77721138785694,1
325,325,30325,NRRT*,gapsforest,19,"[206, 209]","[6, 27]",0,206,4.8416878289652985,215,100,207,327.2717295646911,1
326,326,30326,NRRT*,gapsforest,19,"[206, 209]","[6, 27]",1,120,1.179356038570404,131,100,121,366.2291261043037,1
327,327,30327,NRRT*,gapsforest,19,"[206, 209]","[6, 27]",2,272,7.7443272180033835,300,100,273,333.0804281015854,1
328,328,30328,NRRT*,gapsforest,19,"[206, 209]","[6, 27]",3,294,7.69540411233902,344,100,295,348.5406294889108,1
329,329,30329,NRRT*,gapsforest,19,"[206, 209]","[6, 27]",4,127,1.3362743854522705,182,100,128,359.3271775026627,1
330,330,30330,NRRT*,gapsforest,19,"[218, 110]","[38, 99]",0,57,2.6690791081538867,70,300,58,187.50197331988997,1
331,331,30331,NRRT*,gapsforest,19,"[218, 110]","[38, 99]",1,47,0.14121079444885254,49,300,48,196.43885333969567,1
332,332,30332,NRRT*,gapsforest,19,"[218, 110]","[38, 99]",2,49,3.9020516368017577,60,300,50,191.92061522008845,1
333,333,30333,NRRT*,gapsforest,19,"[218, 110]","[38, 99]",3,78,0.47049808502197255,104,300,79,195.20757830990684,1
334,334,30334,NRRT*,gapsforest,19,"[218, 110]","[38, 99]",4,86,4.604183333383111,99,300,87,185.28761012931454,1
335,335,30335,NRRT*,gapsforest,19,"[206, 209]","[6, 27]",0,112,1.0391253232955933,145,300,113,369.66464598829003,1
336,336,30336,NRRT*,gapsforest,19,"[206, 209]","[6, 27]",1,170,3.6203031844569358,213,300,171,325.6603904993723,1
337,337,30337,NRRT*,gapsforest,19,"[206, 209]","[6, 27]",2,205,3.6495181918144226,234,300,206,340.35253268617487,1
338,338,30338,NRRT*,gapsforest,19,"[206, 209]","[6, 27]",3,132,2.6157080835772666,154,300,133,336.6852703322692,1
339,339,30339,NRRT*,gapsforest,19,"[206, 209]","[6, 27]",4,62,1.4062775082064782,85,300,63,327.7048900972597,1
340,340,30340,NRRT*,gapsforest,19,"[218, 110]","[38, 99]",0,62,0.30965030193328846,80,600,63,193.49408305788066,1
341,341,30341,NRRT*,gapsforest,19,"[218, 110]","[38, 99]",1,128,1.4142601490020752,146,600,129,192.74788929636244,1
342,342,30342,NRRT*,gapsforest,19,"[218, 110]","[38, 99]",2,62,3.334386872081116,72,600,63,189.6223532053328,1
343,343,30343,NRRT*,gapsforest,19,"[218, 110]","[38, 99]",3,44,3.3787690524709335,50,600,45,189.55050126391478,1
344,344,30344,NRRT*,gapsforest,19,"[218, 110]","[38, 99]",4,139,1.6495542526245117,172,600,140,196.08573819946184,1
345,345,30345,NRRT*,gapsforest,19,"[206, 209]","[6, 27]",0,231,4.785399377346039,271,600,232,359.76505673875283,1
346,346,30346,NRRT*,gapsforest,19,"[206, 209]","[6, 27]",1,188,6.036226628902854,212,600,189,336.5115197738869,1
347,347,30347,NRRT*,gapsforest,19,"[206, 209]","[6, 27]",2,274,6.643485188484192,396,600,275,358.9767412768347,1
348,348,30348,NRRT*,gapsforest,19,"[206, 209]","[6, 27]",3,360,11.553013980388641,377,600,361,370.0959863995364,1
349,349,30349,NRRT*,gapsforest,19,"[206, 209]","[6, 27]",4,229,7.577396033886375,301,600,230,337.7664348753912,1
350,350,30350,NRRT*,gapsforest,19,"[218, 110]","[38, 99]",0,94,0.695809006690979,114,1000,95,196.92121759795066,1
351,351,30351,NRRT*,gapsforest,19,"[218, 110]","[38, 99]",1,114,4.587527653063059,117,1000,115,185.64614285136804,1
352,352,30352,NRRT*,gapsforest,19,"[218, 110]","[38, 99]",2,49,3.4259796862256637,66,1000,50,187.6034862811951,1
353,353,30353,NRRT*,gapsforest,19,"[218, 110]","[38, 99]",3,30,3.3905879348938273,35,1000,31,187.10840124261156,1
354,354,30354,NRRT*,gapsforest,19,"[218, 110]","[38, 99]",4,22,3.7086604819970574,27,1000,23,189.10621160181827,1
355,355,30355,NRRT*,gapsforest,19,"[206, 209]","[6, 27]",0,115,1.065971553325653,128,1000,116,370.7291094766473,1
356,356,30356,NRRT*,gapsforest,19,"[206, 209]","[6, 27]",1,128,1.432090401649475,130,1000,129,370.29348994281656,1
357,357,30357,NRRT*,gapsforest,19,"[206, 209]","[6, 27]",2,75,0.43432581424713135,98,1000,76,340.85574930962485,1
358,358,30358,NRRT*,gapsforest,19,"[206, 209]","[6, 27]",3,84,3.5130613433155435,101,1000,85,330.5234769661603,1
359,359,30359,NRRT*,gapsforest,19,"[206, 209]","[6, 27]",4,322,11.190886910096406,423,1000,323,327.1882130856506,1
360,360,30360,NRRT*,maze,24,"[93, 71]","[223, 196]",0,2000,48.24019059146028,2392,5,2001,-1.0,0
361,361,30361,NRRT*,maze,24,"[93, 71]","[223, 196]",1,2000,50.79418923004897,2640,5,2001,-1.0,0
362,362,30362,NRRT*,maze,24,"[93, 71]","[223, 196]",2,2000,53.36013933312599,2270,5,2001,-1.0,0
363,363,30363,NRRT*,maze,24,"[93, 71]","[223, 196]",3,2000,52.89044697796885,2676,5,2001,-1.0,0
364,364,30364,NRRT*,maze,24,"[93, 71]","[223, 196]",4,2000,52.95724012625209,2090,5,2001,-1.0,0
365,365,30365,NRRT*,maze,24,"[229, 7]","[73, 228]",0,27,3.1683453130403,33,5,28,457.47172093904805,1
366,366,30366,NRRT*,maze,24,"[229, 7]","[73, 228]",1,36,0.07574236392974854,40,5,37,500.4803626263723,1
367,367,30367,NRRT*,maze,24,"[229, 7]","[73, 228]",2,60,2.1844227316606943,65,5,61,521.1810245600495,1
368,368,30368,NRRT*,maze,24,"[229, 7]","[73, 228]",3,89,3.5821270871706288,94,5,90,475.37194087147657,1
369,369,30369,NRRT*,maze,24,"[229, 7]","[73, 228]",4,99,1.643487019567037,120,5,100,522.9941918547058,1
370,370,30370,NRRT*,maze,24,"[93, 71]","[223, 196]",0,2000,49.08045882576043,2272,10,2001,-1.0,0
371,371,30371,NRRT*,maze,24,"[93, 71]","[223, 196]",1,2000,50.49586683469691,2337,10,2001,-1.0,0
372,372,30372,NRRT*,maze,24,"[93, 71]","[223, 196]",2,2000,52.2902565909847,2414,10,2001,-1.0,0
373,373,30373,NRRT*,maze,24,"[93, 71]","[223, 196]",3,2000,55.50192967765146,2287,10,2001,-1.0,0
374,374,30374,NRRT*,maze,24,"[93, 71]","[223, 196]",4,2000,53.7714188573152,2333,10,2001,-1.0,0
375,375,30375,NRRT*,maze,24,"[229, 7]","[73, 228]",0,41,3.364429182592842,50,10,42,463.5098547632771,1
376,376,30376,NRRT*,maze,24,"[229, 7]","[73, 228]",1,37,0.9650962782187704,40,10,38,508.11302274416994,1
377,377,30377,NRRT*,maze,24,"[229, 7]","[73, 228]",2,128,2.8311538318210436,178,10,129,514.2249671550314,1
378,378,30378,NRRT*,maze,24,"[229, 7]","[73, 228]",3,43,1.750578831486854,50,10,44,514.7058996144146,1
379,379,30379,NRRT*,maze,24,"[229, 7]","[73, 228]",4,135,3.6611837936529463,149,10,136,506.36763450607464,1
380,380,30380,NRRT*,maze,24,"[93, 71]","[223, 196]",0,2000,56.850274385602866,2229,20,2001,-1.0,0
381,381,30381,NRRT*,maze,24,"[93, 71]","[223, 196]",1,2000,47.0183960075263,2288,20,2001,-1.0,0
382,382,30382,NRRT*,maze,24,"[93, 71]","[223, 196]",2,2000,55.14782043286708,2551,20,2001,-1.0,0
383,383,30383,NRRT*,maze,24,"[93, 71]","[223, 196]",3,2000,56.877353649713854,2217,20,2001,-1.0,0
384,384,30384,NRRT*,maze,24,"[93, 71]","[223, 196]",4,2000,54.521471792173166,2517,20,2001,-1.0,0
385,385,30385,NRRT*,maze,24,"[229, 7]","[73, 228]",0,47,1.9453486296586002,55,20,48,497.55190725076636,1
386,386,30386,NRRT*,maze,24,"[229, 7]","[73, 228]",1,92,3.0987685801412077,118,20,93,533.9066317364045,1
387,387,30387,NRRT*,maze,24,"[229, 7]","[73, 228]",2,30,2.313141476724862,43,20,31,502.0676897955615,1
388,388,30388,NRRT*,maze,24,"[229, 7]","[73, 228]",3,43,1.9706980741712756,54,20,44,475.26425095150694,1
389,389,30389,NRRT*,maze,24,"[229, 7]","[73, 228]",4,16,4.575793000295961,19,20,17,469.33656468563504,1
390,390,30390,NRRT*,maze,24,"[93, 71]","[223, 196]",0,2000,49.74151049796926,2448,40,2001,-1.0,0
391,391,30391,NRRT*,maze,24,"[93, 71]","[223, 196]",1,2000,56.41495593318663,2127,40,2001,-1.0,0
392,392,30392,NRRT*,maze,24,"[93, 71]","[223, 196]",2,2000,51.693055262563426,2432,40,2001,-1.0,0
393,393,30393,NRRT*,maze,24,"[93, 71]","[223, 196]",3,2000,51.998945320515205,2268,40,2001,-1.0,0
394,394,30394,NRRT*,maze,24,"[93, 71]","[223, 196]",4,2000,51.4468653386063,2609,40,2001,-1.0,0
395,395,30395,NRRT*,maze,24,"[229, 7]","[73, 228]",0,54,2.2195002321700823,62,40,55,496.5755882306248,1
396,396,30396,NRRT*,maze,24,"[229, 7]","[73, 228]",1,34,2.414270899234297,40,40,35,478.9810455301015,1
397,397,30397,NRRT*,maze,24,"[229, 7]","[73, 228]",2,30,1.87099410193018,37,40,31,512.2746389020501,1
398,398,30398,NRRT*,maze,24,"[229, 7]","[73, 228]",3,195,7.614714238531999,239,40,196,455.3404784946563,1
399,399,30399,NRRT*,maze,24,"[229, 7]","[73, 228]",4,130,4.187315162667759,147,40,131,454.71511093884544,1
400,400,30400,NRRT*,maze,24,"[93, 71]","[223, 196]",0,2000,54.12368388551531,2379,80,2001,-1.0,0
401,401,30401,NRRT*,maze,24,"[93, 71]","[223, 196]",1,2000,48.441660927760516,2608,80,2001,-1.0,0
402,402,30402,NRRT*,maze,24,"[93, 71]","[223, 196]",2,2000,52.972778463181626,2337,80,2001,-1.0,0
403,403,30403,NRRT*,maze,24,"[93, 71]","[223, 196]",3,2000,53.4585276743621,2190,80,2001,-1.0,0
404,404,30404,NRRT*,maze,24,"[93, 71]","[223, 196]",4,2000,50.81835997062226,2007,80,2001,-1.0,0
405,405,30405,NRRT*,maze,24,"[229, 7]","[73, 228]",0,32,1.8838386644606975,41,80,33,499.63888297102244,1
406,406,30406,NRRT*,maze,24,"[229, 7]","[73, 228]",1,80,3.526830195937262,101,80,81,525.9620360982468,1
407,407,30407,NRRT*,maze,24,"[229, 7]","[73, 228]",2,52,3.2246423359252074,68,80,53,508.5079595826244,1
408,408,30408,NRRT*,maze,24,"[229, 7]","[73, 228]",3,22,3.067694484744177,24,80,23,521.9893743921776,1
409,409,30409,NRRT*,maze,24,"[229, 7]","[73, 228]",4,54,2.62337627101342,66,80,55,497.17665298494524,1
410,410,30410,NRRT*,maze,24,"[93, 71]","[223, 196]",0,2000,50.338968874163925,2463,100,2001,-1.0,0
411,411,30411,NRRT*,maze,24,"[93, 71]","[223, 196]",1,2000,56.587530325923424,2493,100,2001,-1.0,0
412,412,30412,NRRT*,maze,24,"[93, 71]","[223, 196]",2,2000,56.5775170063725,2123,100,2001,-1.0,0
413,413,30413,NRRT*,maze,24,"[93, 71]","[223, 196]",3,2000,52.01532110373881,2406,100,2001,-1.0,0
414,414,30414,NRRT*,maze,24,"[93, 71]","[223, 196]",4,2000,55.41018223300317,2334,100,2001,-1.0,0
415,415,30415,NRRT*,maze,24,"[229, 7]","[73, 228]",0,43,2.504447123293083,54,100,44,504.999338420409,1
416,416,30416,NRRT*,maze,24,"[229, 7]","[73, 228]",1,32,3.5563450183949152,40,100,33,469.7853892050182,1
417,417,30417,NRRT*,maze,24,"[229, 7]","[73, 228]",2,47,3.7063969299305315,60,100,48,469.93294945337186,1
418,418,30418,NRRT*,maze,24,"[229, 7]","[73, 228]",3,19,3.567959539603078,23,100,20,454.238247142992,1
419,419,30419,NRRT*,maze,24,"[229, 7]","[73, 228]",4,27,4.93337603180109,33,100,28,468.9251798928535,1
420,420,30420,NRRT*,maze,24,"[93, 71]","[223, 196]",0,2000,52.28946405577439,2439,300,2001,-1.0,0
421,421,30421,NRRT*,maze,24,"[93, 71]","[223, 196]",1,2000,55.3751482113414,2024,300,2001,-1.0,0
422,422,30422,NRRT*,maze,24,"[93, 71]","[223, 196]",2,2000,56.484135194921905,2184,300,2001,-1.0,0
423,423,30423,NRRT*,maze,24,"[93, 71]","[223, 196]",3,2000,55.343883848197336,2677,300,2001,-1.0,0
424,424,30424,NRRT*,maze,24,"[93, 71]","[223, 196]",4,2000,53.2372066494931,2182,300,2001,-1.0,0
425,425,30425,NRRT*,maze,24,"[229, 7]","[73, 228]",0,93,3.6628982764026343,107,300,94,500.82394211042197,1
426,426,30426,NRRT*,maze,24,"[229, 7]","[73, 228]",1,53,3.624369736234308,60,300,54,519.0923049030766,1
427,427,30427,NRRT*,maze,24,"[229, 7]","[73, 228]",2,114,5.955673175737247,148,300,115,465.43904629191616,1
428,428,30428,NRRT*,maze,24,"[229, 7]","[73, 228]",3,116,3.4539901810471036,132,300,117,496.7528733713341,1
429,429,30429,NRRT*,maze,24,"[229, 7]","[73, 228]",4,128,6.287446140424603,162,300,129,460.02215590340006,1
430,430,30430,NRRT*,maze,24,"[93, 71]","[223, 196]",0,2000,52.04226977045967,2098,600,2001,-1.0,0
431,431,30431,NRRT*,maze,24,"[93, 71]","[223, 196]",1,2000,55.93729213678038,2257,600,2001,-1.0,0
432,432,30432,NRRT*,maze,24,"[93, 71]","[223, 196]",2,2000,53.17725560066937,2080,600,2001,-1.0,0
433,433,30433,NRRT*,maze,24,"[93, 71]","[223, 196]",3,2000,51.61970320962878,2502,600,2001,-1.0,0
434,434,30434,NRRT*,maze,24,"[93, 71]","[223, 196]",4,2000,55.74606484782501,2595,600,2001,-1.0,0
435,435,30435,NRRT*,maze,24,"[229, 7]","[73, 228]",0,38,3.270810077567737,46,600,39,502.6146851984561,1
436,436,30436,NRRT*,maze,24,"[229, 7]","[73, 228]",1,55,5.165490447656505,63,600,56,478.959188969622,1
437,437,30437,NRRT*,maze,24,"[229, 7]","[73, 228]",2,108,7.427416571849787,128,600,109,478.38171424421284,1
438,438,30438,NRRT*,maze,24,"[229, 7]","[73, 228]",3,67,3.2728560886288873,89,600,68,500.75938039251,1
439,439,30439,NRRT*,maze,24,"[229, 7]","[73, 228]",4,47,7.44713048371884,56,600,48,467.9180648083625,1
440,440,30440,NRRT*,maze,24,"[93, 71]","[223, 196]",0,2000,54.84633460721692,2685,1000,2001,-1.0,0
441,441,30441,NRRT*,maze,24,"[93, 71]","[223, 196]",1,2000,49.39787241560212,2727,1000,2001,-1.0,0
442,442,30442,NRRT*,maze,24,"[93, 71]","[223, 196]",2,2000,49.012437973141765,2043,1000,2001,-1.0,0
443,443,30443,NRRT*,maze,24,"[93, 71]","[223, 196]",3,2000,56.157629571590704,2313,1000,2001,-1.0,0
444,444,30444,NRRT*,maze,24,"[93, 71]","[223, 196]",4,2000,51.317734598310025,2114,1000,2001,-1.0,0
445,445,30445,NRRT*,maze,24,"[229, 7]","[73, 228]",0,80,3.3970182261372797,85,1000,81,499.40533855602644,1
446,446,30446,NRRT*,maze,24,"[229, 7]","[73, 228]",1,301,15.33526901635739,316,1000,302,454.5099905377913,1
447,447,30447,NRRT*,maze,24,"[229, 7]","[73, 228]",2,45,7.4061356011352215,53,1000,46,468.81612956275194,1
448,448,30448,NRRT*,maze,24,"[229, 7]","[73, 228]",3,20,7.289194506736723,21,1000,21,450.1844957712117,1
449,449,30449,NRRT*,maze,24,"[229, 7]","[73, 228]",4,74,3.8536759722999423,93,1000,75,520.5131314986966,1
450,450,30450,NRRT*,multibugtrap,28,"[104, 41]","[196, 196]",0,41,1.226355702201964,41,5,42,309.0415680700705,1
451,451,30451,NRRT*,multibugtrap,28,"[104, 41]","[196, 196]",1,46,1.6823605613338506,48,5,47,308.63115375692695,1
452,452,30452,NRRT*,multibugtrap,28,"[104, 41]","[196, 196]",2,58,1.516940667566514,73,5,59,328.9240132041059,1
453,453,30453,NRRT*,multibugtrap,28,"[104, 41]","[196, 196]",3,52,1.4347314977018595,57,5,53,303.4446436316843,1
454,454,30454,NRRT*,multibugtrap,28,"[104, 41]","[196, 196]",4,35,1.2433616937705803,44,5,36,321.6487230291972,1
455,455,30455,NRRT*,multibugtrap,28,"[59, 247]","[193, 12]",0,142,2.709488312611205,155,5,143,313.4829109506298,1
456,456,30456,NRRT*,multibugtrap,28,"[59, 247]","[193, 12]",1,175,3.3480449640916587,207,5,176,275.1807548790416,1
457,457,30457,NRRT*,multibugtrap,28,"[59, 247]","[193, 12]",2,84,1.4450976172478538,96,5,85,320.9074225330848,1
458,458,30458,NRRT*,multibugtrap,28,"[59, 247]","[193, 12]",3,68,1.241823188403402,83,5,69,302.56520345206883,1
459,459,30459,NRRT*,multibugtrap,28,"[59, 247]","[193, 12]",4,92,1.487981392598086,104,5,93,317.0706163433936,1
460,460,30460,NRRT*,multibugtrap,28,"[104, 41]","[196, 196]",0,81,1.7955694892476717,93,10,82,322.0011704388295,1
461,461,30461,NRRT*,multibugtrap,28,"[104, 41]","[196, 196]",1,43,1.5156742666153245,45,10,44,320.00920073168436,1
462,462,30462,NRRT*,multibugtrap,28,"[104, 41]","[196, 196]",2,26,1.229948763608234,34,10,27,304.7825607111264,1
463,463,30463,NRRT*,multibugtrap,28,"[104, 41]","[196, 196]",3,25,2.313250666577223,30,10,26,308.2594870767543,1
464,464,30464,NRRT*,multibugtrap,28,"[104, 41]","[196, 196]",4,14,2.16821143503366,17,10,15,308.69441305921123,1
465,465,30465,NRRT*,multibugtrap,28,"[59, 247]","[193, 12]",0,37,0.9135648743867214,42,10,38,305.39171500088025,1
466,466,30466,NRRT*,multibugtrap,28,"[59, 247]","[193, 12]",1,51,1.0251935856103238,53,10,52,294.3233750444273,1
467,467,30467,NRRT*,multibugtrap,28,"[59, 247]","[193, 12]",2,78,1.3245989219903285,93,10,79,353.28120966047675,1
468,468,30468,NRRT*,multibugtrap,28,"[59, 247]","[193, 12]",3,154,2.8855780498742396,158,10,155,347.7277339065064,1
469,469,30469,NRRT*,multibugtrap,28,"[59, 247]","[193, 12]",4,127,2.371073849163615,155,10,128,308.4902145510104,1
470,470,30470,NRRT*,multibugtrap,28,"[104, 41]","[196, 196]",0,23,2.2537618360063956,28,20,24,337.9274339058013,1
471,471,30471,NRRT*,multibugtrap,28,"[104, 41]","[196, 196]",1,53,1.3404880088088187,62,20,54,384.271504186617,1
472,472,30472,NRRT*,multibugtrap,28,"[104, 41]","[196, 196]",2,23,1.963477919221479,30,20,24,306.85557170551425,1
473,473,30473,NRRT*,multibugtrap,28,"[104, 41]","[196, 196]",3,51,2.134471760601163,55,20,52,311.14856898762685,1
474,474,30474,NRRT*,multibugtrap,28,"[104, 41]","[196, 196]",4,57,2.197619543880582,63,20,58,343.6087080923933,1
475,475,30475,NRRT*,multibugtrap,28,"[59, 247]","[193, 12]",0,64,1.3309550356489055,83,20,65,366.9686442745592,1
476,476,30476,NRRT*,multibugtrap,28,"[59, 247]","[193, 12]",1,154,3.0656898092847698,166,20,155,310.457917595529,1
477,477,30477,NRRT*,multibugtrap,28,"[59, 247]","[193, 12]",2,112,2.048992069329998,122,20,113,302.08800105320887,1
478,478,30478,NRRT*,multibugtrap,28,"[59, 247]","[193, 12]",3,212,5.178734581658072,239,20,213,286.17145194044593,1
479,479,30479,NRRT*,multibugtrap,28,"[59, 247]","[193, 12]",4,22,1.2685689737288428,27,20,23,289.03797756936723,1
480,480,30480,NRRT*,multibugtrap,28,"[104, 41]","[196, 196]",0,52,1.682308126167722,75,40,53,363.5498714716073,1
481,481,30481,NRRT*,multibugtrap,28,"[104, 41]","[196, 196]",1,164,5.291162611550295,213,40,165,318.94100720215755,1
482,482,30482,NRRT*,multibugtrap,28,"[104, 41]","[196, 196]",2,44,2.768034456434,54,40,45,337.7994998337528,1
483,483,30483,NRRT*,multibugtrap,28,"[104, 41]","[196, 196]",3,19,1.6172210283714135,24,40,20,358.0298385009553,1
484,484,30484,NRRT*,multibugtrap,28,"[104, 41]","[196, 196]",4,87,2.9872262224393387,99,40,88,312.1351334597957,1
485,485,30485,NRRT*,multibugtrap,28,"[59, 247]","[193, 12]",0,36,1.3414317180602024,41,40,37,284.0164218143884,1
486,486,30486,NRRT*,multibugtrap,28,"[59, 247]","[193, 12]",1,94,1.9597173740355442,108,40,95,309.68494618230983,1
487,487,30487,NRRT*,multibugtrap,28,"[59, 247]","[193, 12]",2,64,1.5393830348936985,73,40,65,313.61095503335804,1
488,488,30488,NRRT*,multibugtrap,28,"[59, 247]","[193, 12]",3,183,4.100361566731162,219,40,184,292.80004329363834,1
489,489,30489,NRRT*,multibugtrap,28,"[59, 247]","[193, 12]",4,54,1.477231960484214,71,40,55,304.64746276990604,1
490,490,30490,NRRT*,multibugtrap,28,"[104, 41]","[196, 196]",0,131,4.213227888678645,156,80,132,331.86582308489176,1
491,491,30491,NRRT*,multibugtrap,28,"[104, 41]","[196, 196]",1,22,2.8143207040778146,29,80,23,330.03932334595976,1
492,492,30492,NRRT*,multibugtrap,28,"[104, 41]","[196, 196]",2,100,3.6211956945410715,120,80,101,333.67199671558444,1
493,493,30493,NRRT*,multibugtrap,28,"[104, 41]","[196, 196]",3,64,2.3190684824906933,79,80,65,359.6438158648107,1
494,494,30494,NRRT*,multibugtrap,28,"[104, 41]","[196, 196]",4,26,3.747996202204543,34,80,27,349.61938263585364,1
495,495,30495,NRRT*,multibugtrap,28,"[59, 247]","[193, 12]",0,75,2.299522899584681,80,80,76,343.17121522315614,1
496,496,30496,NRRT*,multibugtrap,28,"[59, 247]","[193, 12]",1,36,1.8391347920678796,46,80,37,283.62540679339537,1
497,497,30497,NRRT*,multibugtrap,28,"[59, 247]","[193, 12]",2,114,2.7315129082474567,132,80,115,317.389226806761,1
498,498,30498,NRRT*,multibugtrap,28,"[59, 247]","[193, 12]",3,31,1.7018273513588764,37,80,32,330.7526198980486,1
499,499,30499,NRRT*,multibugtrap,28,"[59, 247]","[193, 12]",4,78,2.314484901636424,83,80,79,286.4294658248202,1
500,500,30500,NRRT*,multibugtrap,28,"[104, 41]","[196, 196]",0,45,3.557061883981953,54,100,46,329.0738046983348,1
501,501,30501,NRRT*,multibugtrap,28,"[104, 41]","[196, 196]",1,119,4.63296673017336,124,100,120,343.1394097258101,1
502,502,30502,NRRT*,multibugtrap,28,"[104, 41]","[196, 196]",2,18,3.425008151109944,23,100,19,306.4287221508024,1
503,503,30503,NRRT*,multibugtrap,28,"[104, 41]","[196, 196]",3,42,2.3720564687980845,51,100,43,364.2413653843827,1
504,504,30504,NRRT*,multibugtrap,28,"[104, 41]","[196, 196]",4,61,3.7764241892976917,69,100,62,346.9275033086771,1
505,505,30505,NRRT*,multibugtrap,28,"[59, 247]","[193, 12]",0,116,2.914357192724528,151,100,117,294.1713196942883,1
506,506,30506,NRRT*,multibugtrap,28,"[59, 247]","[193, 12]",1,29,1.7807349629358653,33,100,30,306.4875436417664,1
507,507,30507,NRRT*,multibugtrap,28,"[59, 247]","[193, 12]",2,83,2.2771512336687447,92,100,84,365.8492830340892,1
508,508,30508,NRRT*,multibugtrap,28,"[59, 247]","[193, 12]",3,58,1.9651647276834847,71,100,59,291.78907496085696,1
509,509,30509,NRRT*,multibugtrap,28,"[59, 247]","[193, 12]",4,97,3.45466183643007,129,100,98,357.4571858066634,1
510,510,30510,NRRT*,multibugtrap,28,"[104, 41]","[196, 196]",0,62,1.8718668340000977,92,300,63,404.1245676976125,1
511,511,30511,NRRT*,multibugtrap,28,"[104, 41]","[196, 196]",1,68,3.858886559693352,72,300,69,322.5970583712559,1
512,512,30512,NRRT*,multibugtrap,28,"[104, 41]","[196, 196]",2,27,4.445679021443313,34,300,28,329.9031758717558,1
513,513,30513,NRRT*,multibugtrap,28,"[104, 41]","[196, 196]",3,24,4.444704306687301,29,300,25,302.1741978218935,1
514,514,30514,NRRT*,multibugtrap,28,"[104, 41]","[196, 196]",4,23,4.587996558844342,26,300,24,339.7802966887556,1
515,515,30515,NRRT*,multibugtrap,28,"[59, 247]","[193, 12]",0,128,3.993314852520463,157,300,129,295.05349480474626,1
516,516,30516,NRRT*,multibugtrap,28,"[59, 247]","[193, 12]",1,47,2.1490442320225496,57,300,48,285.1757770544564,1
517,517,30517,NRRT*,multibugtrap,28,"[59, 247]","[193, 12]",2,50,2.1684532328961152,56,300,51,282.1607421796564,1
518,518,30518,NRRT*,multibugtrap,28,"[59, 247]","[193, 12]",3,104,3.356869766968093,124,300,105,294.88658614188006,1
519,519,30519,NRRT*,multibugtrap,28,"[59, 247]","[193, 12]",4,39,2.571197102325759,45,300,40,294.3784240132338,1
520,520,30520,NRRT*,multibugtrap,28,"[104, 41]","[196, 196]",0,45,4.374845516204054,51,600,46,312.0303763043504,1
521,521,30521,NRRT*,multibugtrap,28,"[104, 41]","[196, 196]",1,37,1.9334607509003563,42,600,38,354.8131907032194,1
522,522,30522,NRRT*,multibugtrap,28,"[104, 41]","[196, 196]",2,88,5.3556973304126245,109,600,89,344.0350285944639,1
523,523,30523,NRRT*,multibugtrap,28,"[104, 41]","[196, 196]",3,17,4.577625819556459,18,600,18,319.7605525113282,1
524,524,30524,NRRT*,multibugtrap,28,"[104, 41]","[196, 196]",4,24,4.870052126549289,30,600,25,305.7717245319888,1
525,525,30525,NRRT*,multibugtrap,28,"[59, 247]","[193, 12]",0,85,3.0382860996898033,116,600,86,324.02262284433755,1
526,526,30526,NRRT*,multibugtrap,28,"[59, 247]","[193, 12]",1,77,3.198845467116409,83,600,78,309.8366193144354,1
527,527,30527,NRRT*,multibugtrap,28,"[59, 247]","[193, 12]",2,38,3.3261847964831284,44,600,39,312.1462043692133,1
528,528,30528,NRRT*,multibugtrap,28,"[59, 247]","[193, 12]",3,122,4.501585113198368,153,600,123,297.09399151011434,1
529,529,30529,NRRT*,multibugtrap,28,"[59, 247]","[193, 12]",4,48,3.3727940789767197,61,600,49,328.11440281080473,1
530,530,30530,NRRT*,multibugtrap,28,"[104, 41]","[196, 196]",0,52,5.037040022514865,63,1000,53,320.04982718208294,1
531,531,30531,NRRT*,multibugtrap,28,"[104, 41]","[196, 196]",1,74,2.9289548958596057,92,1000,75,371.31473808240673,1
532,532,30532,NRRT*,multibugtrap,28,"[104, 41]","[196, 196]",2,40,2.252195231980533,46,1000,41,377.0610937591629,1
533,533,30533,NRRT*,multibugtrap,28,"[104, 41]","[196, 196]",3,52,5.6645456202904665,66,1000,53,298.8823514273553,1
534,534,30534,NRRT*,multibugtrap,28,"[104, 41]","[196, 196]",4,57,3.3515670834293663,69,1000,58,361.32019232792186,1
535,535,30535,NRRT*,multibugtrap,28,"[59, 247]","[193, 12]",0,63,3.4350264462101205,80,1000,64,280.0783544013575,1
536,536,30536,NRRT*,multibugtrap,28,"[59, 247]","[193, 12]",1,50,3.3210910352337106,60,1000,51,289.14712413925986,1
537,537,30537,NRRT*,multibugtrap,28,"[59, 247]","[193, 12]",2,28,3.3979347028768894,32,1000,29,294.5169249392001,1
538,538,30538,NRRT*,multibugtrap,28,"[59, 247]","[193, 12]",3,96,4.058986572269284,114,1000,97,283.1866943683807,1
539,539,30539,NRRT*,multibugtrap,28,"[59, 247]","[193, 12]",4,30,2.8223852629619026,35,1000,31,285.9777488877092,1
540,540,30540,NRRT*,bugtrap,37,"[122, 34]","[111, 214]",0,116,1.9152157332569864,117,5,117,288.6831582614801,1
541,541,30541,NRRT*,bugtrap,37,"[122, 34]","[111, 214]",1,80,1.3307618443167348,93,5,81,297.19143655274877,1
542,542,30542,NRRT*,bugtrap,37,"[122, 34]","[111, 214]",2,22,0.8889687601721427,27,5,23,313.61355997067983,1
543,543,30543,NRRT*,bugtrap,37,"[122, 34]","[111, 214]",3,16,1.6455147290413428,19,5,17,303.58590378310726,1
544,544,30544,NRRT*,bugtrap,37,"[122, 34]","[111, 214]",4,82,2.479900661893865,95,5,83,310.1304537907855,1
545,545,30545,NRRT*,bugtrap,37,"[12, 242]","[248, 110]",0,432,16.72708797454834,492,5,433,331.1334029240141,1
546,546,30546,NRRT*,bugtrap,37,"[12, 242]","[248, 110]",1,51,0.1677576899528503,61,5,52,380.32147578216257,1
547,547,30547,NRRT*,bugtrap,37,"[12, 242]","[248, 110]",2,168,2.4752798080444336,213,5,169,326.81941836013465,1
548,548,30548,NRRT*,bugtrap,37,"[12, 242]","[248, 110]",3,108,0.8878015279769897,138,5,109,322.0456317332405,1
549,549,30549,NRRT*,bugtrap,37,"[12, 242]","[248, 110]",4,62,0.26347768306732167,77,5,63,358.27506276346907,1
550,550,30550,NRRT*,bugtrap,37,"[122, 34]","[111, 214]",0,139,2.750007913546241,181,10,140,281.3815831137487,1
551,551,30551,NRRT*,bugtrap,37,"[122, 34]","[111, 214]",1,45,1.775434638619112,61,10,46,305.21969939000087,1
552,552,30552,NRRT*,bugtrap,37,"[122, 34]","[111, 214]",2,27,1.487128094929325,36,10,28,309.151226346677,1
553,553,30553,NRRT*,bugtrap,37,"[122, 34]","[111, 214]",3,97,1.7849861956418567,127,10,98,353.82311943977766,1
554,554,30554,NRRT*,bugtrap,37,"[122, 34]","[111, 214]",4,131,2.8864719431577797,156,10,132,292.8717829863845,1
555,555,30555,NRRT*,bugtrap,37,"[12, 242]","[248, 110]",0,73,0.40584826469421376,80,10,74,433.47787719752,1
556,556,30556,NRRT*,bugtrap,37,"[12, 242]","[248, 110]",1,138,1.5620149970054626,162,10,139,329.7718443430944,1
557,557,30557,NRRT*,bugtrap,37,"[12, 242]","[248, 110]",2,75,0.4484755396842955,96,10,76,331.5575477439113,1
558,558,30558,NRRT*,bugtrap,37,"[12, 242]","[248, 110]",3,335,9.931848227977753,342,10,336,301.6287647611692,1
559,559,30559,NRRT*,bugtrap,37,"[12, 242]","[248, 110]",4,58,0.2660370469093321,69,10,59,357.3211069116064,1
560,560,30560,NRRT*,bugtrap,37,"[122, 34]","[111, 214]",0,78,1.90722558480276,81,20,79,303.3634592482572,1
561,561,30561,NRRT*,bugtrap,37,"[122, 34]","[111, 214]",1,31,1.08326210319794,31,20,32,320.0969517550842,1
562,562,30562,NRRT*,bugtrap,37,"[122, 34]","[111, 214]",2,64,1.7652412412740128,84,20,65,302.59416457441694,1
563,563,30563,NRRT*,bugtrap,37,"[122, 34]","[111, 214]",3,26,2.0616337882724496,31,20,27,312.2318247524902,1
564,564,30564,NRRT*,bugtrap,37,"[122, 34]","[111, 214]",4,62,2.305924557372639,70,20,63,313.61122860622623,1
565,565,30565,NRRT*,bugtrap,37,"[12, 242]","[248, 110]",0,97,0.7473739385604858,109,20,98,352.2821999220849,1
566,566,30566,NRRT*,bugtrap,37,"[12, 242]","[248, 110]",1,144,1.8030205965042114,167,20,145,367.26283470268174,1
567,567,30567,NRRT*,bugtrap,37,"[12, 242]","[248, 110]",2,219,4.24740082025528,244,20,220,300.10205921103875,1
568,568,30568,NRRT*,bugtrap,37,"[12, 242]","[248, 110]",3,73,0.38378226757049544,85,20,74,379.0693832160245,1
569,569,30569,NRRT*,bugtrap,37,"[12, 242]","[248, 110]",4,64,0.27843421697616577,80,20,65,336.4563948004469,1
570,570,30570,NRRT*,bugtrap,37,"[122, 34]","[111, 214]",0,27,1.6326282663195764,34,40,28,328.8894266482713,1
571,571,30571,NRRT*,bugtrap,37,"[122, 34]","[111, 214]",1,206,5.722909711524555,249,40,207,284.8949782834014,1
572,572,30572,NRRT*,bugtrap,37,"[122, 34]","[111, 214]",2,14,3.0448048438793807,18,40,15,306.79834238825885,1
573,573,30573,NRRT*,bugtrap,37,"[122, 34]","[111, 214]",3,75,3.4661546673542647,82,40,76,282.5849144466735,1
574,574,30574,NRRT*,bugtrap,37,"[122, 34]","[111, 214]",4,79,2.1034015459864768,105,40,80,320.47504221155145,1
575,575,30575,NRRT*,bugtrap,37,"[12, 242]","[248, 110]",0,101,0.8303866982460022,138,40,102,314.76768090953595,1
576,576,30576,NRRT*,bugtrap,37,"[12, 242]","[248, 110]",1,356,11.373310804367065,395,40,357,310.51939407951136,1
577,577,30577,NRRT*,bugtrap,37,"[12, 242]","[248, 110]",2,126,1.2987400889396667,148,40,127,319.3803366278259,1
578,578,30578,NRRT*,bugtrap,37,"[12, 242]","[248, 110]",3,78,0.4831339716911315,94,40,79,310.5094151515517,1
579,579,30579,NRRT*,bugtrap,37,"[12, 242]","[248, 110]",4,149,1.9219712018966675,187,40,150,332.57546129041936,1
580,580,30580,NRRT*,bugtrap,37,"[122, 34]","[111, 214]",0,30,3.089716824508348,38,80,31,307.47045576746484,1
581,581,30581,NRRT*,bugtrap,37,"[122, 34]","[111, 214]",1,61,1.867341403469387,72,80,62,362.9083427432751,1
582,582,30582,NRRT*,bugtrap,37,"[122, 34]","[111, 214]",2,61,3.3122570242649703,76,80,62,273.08447670134717,1
583,583,30583,NRRT*,bugtrap,37,"[122, 34]","[111, 214]",3,113,2.63596702049667,144,80,114,347.0410392181208,1
584,584,30584,NRRT*,bugtrap,37,"[122, 34]","[111, 214]",4,19,3.0322890610236533,21,80,20,294.1431445700498,1
585,585,30585,NRRT*,bugtrap,37,"[12, 242]","[248, 110]",0,75,0.43831157684326155,87,80,76,337.92732913745823,1
586,586,30586,NRRT*,bugtrap,37,"[12, 242]","[248, 110]",1,72,0.4097342491149901,82,80,73,366.4506297463817,1
587,587,30587,NRRT*,bugtrap,37,"[12, 242]","[248, 110]",2,215,4.046346724033355,277,80,216,330.78596911997016,1
588,588,30588,NRRT*,bugtrap,37,"[12, 242]","[248, 110]",3,286,7.335174322128296,362,80,287,324.10597053016767,1
589,589,30589,NRRT*,bugtrap,37,"[12, 242]","[248, 110]",4,223,4.342500686645506,272,80,224,362.10316623381635,1
590,590,30590,NRRT*,bugtrap,37,"[122, 34]","[111, 214]",0,48,3.5273088491841578,63,100,49,294.16662507026143,1
591,591,30591,NRRT*,bugtrap,37,"[122, 34]","[111, 214]",1,51,2.4389053422083253,51,100,52,325.42937631867744,1
592,592,30592,NRRT*,bugtrap,37,"[122, 34]","[111, 214]",2,27,3.929330947338373,33,100,28,304.66753042011675,1
593,593,30593,NRRT*,bugtrap,37,"[122, 34]","[111, 214]",3,50,2.6071815847676882,71,100,51,322.86075578288614,1
594,594,30594,NRRT*,bugtrap,37,"[122, 34]","[111, 214]",4,44,3.4869872414285066,56,100,45,310.7375263685803,1
595,595,30595,NRRT*,bugtrap,37,"[12, 242]","[248, 110]",0,57,0.23500013351440413,68,100,58,346.8715207551263,1
596,596,30596,NRRT*,bugtrap,37,"[12, 242]","[248, 110]",1,127,1.351243257522583,140,100,128,341.1489816366252,1
597,597,30597,NRRT*,bugtrap,37,"[12, 242]","[248, 110]",2,161,2.2057886123657227,193,100,162,328.5593027585644,1
598,598,30598,NRRT*,bugtrap,37,"[12, 242]","[248, 110]",3,88,0.6013056635856626,106,100,89,352.98085231524794,1
599,599,30599,NRRT*,bugtrap,37,"[12, 242]","[248, 110]",4,159,2.193836152553558,187,100,160,424.9200007316069,1
600,600,30600,NRRT*,bugtrap,37,"[122, 34]","[111, 214]",0,98,2.6386549293148227,102,300,99,320.6129074903698,1
601,601,30601,NRRT*,bugtrap,37,"[122, 34]","[111, 214]",1,73,4.351004551763175,95,300,74,290.52358906297025,1
602,602,30602,NRRT*,bugtrap,37,"[122, 34]","[111, 214]",2,134,6.610750759890552,172,300,135,287.430900463885,1
603,603,30603,NRRT*,bugtrap,37,"[122, 34]","[111, 214]",3,101,5.509239007663186,132,300,102,317.35297792582855,1
604,604,30604,NRRT*,bugtrap,37,"[122, 34]","[111, 214]",4,78,3.3250454695924416,90,300,79,360.6528274887909,1
605,605,30605,NRRT*,bugtrap,37,"[12, 242]","[248, 110]",0,144,1.783430814743042,182,300,145,378.35004018268455,1
606,606,30606,NRRT*,bugtrap,37,"[12, 242]","[248, 110]",1,181,2.8521961569786063,225,300,182,310.502913194555,1
607,607,30607,NRRT*,bugtrap,37,"[12, 242]","[248, 110]",2,166,2.3616700172424316,195,300,167,342.1732860472137,1
608,608,30608,NRRT*,bugtrap,37,"[12, 242]","[248, 110]",3,291,7.659030139446257,357,300,292,294.55639005866544,1
609,609,30609,NRRT*,bugtrap,37,"[12, 242]","[248, 110]",4,353,11.173337638378143,447,300,354,325.63818675739185,1
610,610,30610,NRRT*,bugtrap,37,"[122, 34]","[111, 214]",0,22,4.040001782134988,31,600,23,299.35571273270955,1
611,611,30611,NRRT*,bugtrap,37,"[122, 34]","[111, 214]",1,86,4.632002326206186,113,600,87,296.9063251860098,1
612,612,30612,NRRT*,bugtrap,37,"[122, 34]","[111, 214]",2,59,2.745323353551982,63,600,60,327.5868387125936,1
613,613,30613,NRRT*,bugtrap,37,"[122, 34]","[111, 214]",3,46,2.6236374314061384,56,600,47,326.5415152994005,1
614,614,30614,NRRT*,bugtrap,37,"[122, 34]","[111, 214]",4,103,3.968624681438901,124,600,104,343.6409363327758,1
615,615,30615,NRRT*,bugtrap,37,"[12, 242]","[248, 110]",0,75,0.4506561756134032,82,600,76,335.45870472328374,1
616,616,30616,NRRT*,bugtrap,37,"[12, 242]","[248, 110]",1,117,1.1482552886009216,138,600,118,310.7308361622258,1
617,617,30617,NRRT*,bugtrap,37,"[12, 242]","[248, 110]",2,44,0.10586839914321886,55,600,45,355.0472304128144,1
618,618,30618,NRRT*,bugtrap,37,"[12, 242]","[248, 110]",3,66,0.3426055312156677,79,600,67,338.54190613205304,1
619,619,30619,NRRT*,bugtrap,37,"[12, 242]","[248, 110]",4,215,4.120995819568636,237,600,216,311.8968077159543,1
620,620,30620,NRRT*,bugtrap,37,"[122, 34]","[111, 214]",0,105,5.862753944244905,116,1000,106,310.4832567735465,1
621,621,30621,NRRT*,bugtrap,37,"[122, 34]","[111, 214]",1,40,5.151557261194949,48,1000,41,292.57179391468037,1
622,622,30622,NRRT*,bugtrap,37,"[122, 34]","[111, 214]",2,224,9.649353486091961,306,1000,225,294.9761188282401,1
623,623,30623,NRRT*,bugtrap,37,"[122, 34]","[111, 214]",3,52,6.135560186614681,65,1000,53,316.7804385025588,1
624,624,30624,NRRT*,bugtrap,37,"[122, 34]","[111, 214]",4,12,6.13227022439904,12,1000,13,310.1583073952845,1
625,625,30625,NRRT*,bugtrap,37,"[12, 242]","[248, 110]",0,126,1.293942153453827,147,1000,127,362.61975861670635,1
626,626,30626,NRRT*,bugtrap,37,"[12, 242]","[248, 110]",1,227,4.517143607139589,268,1000,228,364.4189475230148,1
627,627,30627,NRRT*,bugtrap,37,"[12, 242]","[248, 110]",2,176,2.7103850841522217,255,1000,177,319.1356149904664,1
628,628,30628,NRRT*,bugtrap,37,"[12, 242]","[248, 110]",3,158,2.1527087688446045,191,1000,159,331.0088505398804,1
629,629,30629,NRRT*,bugtrap,37,"[12, 242]","[248, 110]",4,255,5.8221412897109985,299,1000,256,308.231946503238,1
